{
  "timestamp": "2025-10-22T05:56:17.760538",
  "training_parameters": {
    "epochs": 80,
    "best_accuracy": 0.8517,
    "final_accuracy": 0.8509
  },
  "training_loss": [
    0.6987571412187707,
    0.694475603530474,
    0.6929905946602297,
    0.691793458236148,
    0.6903032479078873,
    0.6872284671534663,
    0.6848036277934414,
    0.6805121279738443,
    0.6768492419853844,
    0.6716361503924251,
    0.6660214654167594,
    0.6590758772457347,
    0.6500429837295162,
    0.6406328372485802,
    0.6303130865401929,
    0.6216751801998109,
    0.6114685206157168,
    0.6017096162299671,
    0.5918895387283677,
    0.5823301051355079,
    0.5745135278195677,
    0.5653064420537266,
    0.5560098059113373,
    0.55524783011745,
    0.5459723051856545,
    0.5410091700151448,
    0.5356200759673058,
    0.5296046876770151,
    0.5256004035091766,
    0.523287486999541,
    0.5180361862758847,
    0.5137610512468821,
    0.511360665950019,
    0.5094423536068339,
    0.5051945037091784,
    0.5027435067517069,
    0.5015645346144582,
    0.4996130702745579,
    0.49596352276899625,
    0.495144935634435,
    0.49115304309693747,
    0.4915122942012899,
    0.4860271900663595,
    0.4859443731091516,
    0.48462037711649597,
    0.48124203440325947,
    0.483549798655388,
    0.476741096400239,
    0.4755488624963004,
    0.4753701549280635,
    0.4756123332111427,
    0.47457531506143263,
    0.4710981571079825,
    0.46838410838943,
    0.46754380328880857,
    0.46694549548503994,
    0.4680615985180106,
    0.466078792234211,
    0.462928881540018,
    0.46102382158836747,
    0.46138401066555695,
    0.45934600224885186,
    0.45743785276437354,
    0.4590322222856,
    0.4571395078507226,
    0.4556517871215825,
    0.4532085650640985,
    0.45365329345931177,
    0.4546952469803183,
    0.4524916808318604,
    0.4509212697101066,
    0.452203948060265,
    0.4491133026759643,
    0.4484110901041714,
    0.4493145650381322,
    0.447839443183616,
    0.4466370839597014,
    0.44523882252328534,
    0.4420898862735695,
    0.4436192656950573
  ],
  "validation_accuracy": [
    0.5018,
    0.5181,
    0.5278,
    0.5331,
    0.5495,
    0.5582,
    0.5689,
    0.5832,
    0.585,
    0.5967,
    0.6109,
    0.6427,
    0.6588,
    0.6783,
    0.6932,
    0.7065,
    0.7268,
    0.7413,
    0.7456,
    0.7627,
    0.7685,
    0.7789,
    0.7836,
    0.789,
    0.7948,
    0.796,
    0.8005,
    0.8075,
    0.8088,
    0.8092,
    0.8126,
    0.8135,
    0.8165,
    0.8178,
    0.8205,
    0.8218,
    0.8215,
    0.8218,
    0.8226,
    0.829,
    0.829,
    0.8303,
    0.8301,
    0.8314,
    0.8326,
    0.8309,
    0.8321,
    0.8336,
    0.8366,
    0.8328,
    0.8379,
    0.8387,
    0.8337,
    0.8404,
    0.8353,
    0.8404,
    0.8422,
    0.8451,
    0.8237,
    0.8387,
    0.8436,
    0.8444,
    0.8418,
    0.8429,
    0.8412,
    0.8423,
    0.8444,
    0.8456,
    0.8453,
    0.8445,
    0.845,
    0.8437,
    0.8455,
    0.8517,
    0.8458,
    0.8461,
    0.8438,
    0.848,
    0.8504,
    0.8509
  ],
  "performance_metrics": {
    "target_accuracy": 0.7,
    "achieved_accuracy": 0.8517,
    "improvement_margin": 15.170000000000005,
    "public_test_accuracy": 0.855
  }
}